Name,Category,Perspective,Specialism,Institution / Affiliation,Notable Works,X/Twitter Handle,Website,Credibility Notes,Added By
"Kim Knott","Scholar / Academic","Academic / Critical","Hinduism in Britain, diaspora, religion and place","Lancaster University (formerly Leeds)","Hinduism: A Very Short Introduction",,,"Leading scholar of Hinduism in the UK; former President of the British Association for the Study of Religions.",
"Crash Course","Organisation","Public / Accessible","Educational video series","Complexly / PBS","Crash Course Religions (2024)",,https://thecrashcourse.com,"High-production classroom video; 2024 religions series was Pew-funded with academic consultants.",
"Hinduism Today","Organisation","Traditional / Practitioner","Contemporary Hindu journalism","Himalayan Academy, Kauai's Hindu Monastery","Hinduism Today magazine (since 1979)",,https://www.hinduismtoday.com,"Articulate insider voice; Saiva Siddhanta monastery editorial stance — devotional, not neutral.",
"The Pluralism Project","Organisation","Academic / Critical","Religious diversity in America","Harvard University (founded by Diana Eck)","On Common Ground; pluralism.org",,https://pluralism.org,"Respected research project; US-diaspora lens.",
"Smarthistory","Organisation","Public / Accessible","Art history open educational resources","Independent non-profit (founded by Khan Academy art editors)","smarthistory.org essays and videos",,https://smarthistory.org,"Scholar-written, free, reliable for visual culture.",
"RE:ONLINE","Organisation","Public / Accessible","UK religious education support","Culham St Gabriel's Trust","Subject knowledge essays for RE teachers",,https://www.reonline.org.uk,"Quality-assured, expert-authored; built for exactly OCHS's teaching audience.",
"Cornelia Dimmitt","Scholar / Academic","Academic / Critical","Sanskrit, Puranas","Georgetown University","Classical Hindu Mythology (ed./trans.)",,,"Co-editor of the standard Purāṇa anthology.",
"J.A.B. van Buitenen","Scholar / Academic","Academic / Critical","Sanskrit, Mahabharata","University of Chicago (d. 1979)","Mahabharata (trans.); Classical Hindu Mythology",,,"One of the great 20th-c. Sanskritists.",
"BBC Radio 4","Organisation","Public / Accessible","Broadcast discussion programmes","BBC","In Our Time (Religion)",,https://www.bbc.co.uk/programmes/b006qykl,"In Our Time panels are leading academics — Jessica Frazier (OCHS) appears on all three Hinduism episodes in the Hive.",
"Sister Nivedita","Author","Traditional / Practitioner","Retellings of Hindu stories; education","Disciple of Swami Vivekananda (d. 1911)","Myths of the Hindus and Buddhists; The Web of Indian Life",,,"Irish-born devotee; sympathetic colonial-era retellings — historically significant, dated framing.",
"Ananda K. Coomaraswamy","Scholar / Academic","Traditional / Practitioner","Indian art history, metaphysics","Museum of Fine Arts, Boston (d. 1947)","The Dance of Shiva; Myths of the Hindus and Buddhists",,,"Pioneering art historian and traditionalist thinker; pre-modern in method but enduringly influential.",
"Gurcharan Das","Author","Popular / Accessible","Dharma in public life, Mahabharata","Independent (former CEO, P&G India)","The Difficulty of Being Good; India Unbound",,https://gurcharandas.org,"Thoughtful public intellectual, not an academic; excellent for engaging non-specialists.",
"Roy W. Perrett","Scholar / Academic","Academic / Critical","Indian philosophy, ethics","Formerly Massey University / University of Melbourne (d. 2018)","Hindu Ethics; An Introduction to Indian Philosophy",,,"Respected analytic philosopher of Indian thought.",
"Internet Encyclopedia of Philosophy","Organisation","Academic / Critical","Peer-reviewed philosophy reference","Independent (IEP)","iep.utm.edu entries",,https://iep.utm.edu,"Free and genuinely peer-reviewed — citable.",
"M.K. Gandhi","Author","Reform / Neo-Hindu","Ahimsa, satyagraha, social reform","Indian independence movement (d. 1948)","An Autobiography; Hind Swaraj",,,"Primary source; his readings of Hinduism are themselves contested (incl. by Ambedkar) — teach the debate.",
"Swami Vivekananda","Author","Reform / Neo-Hindu","Vedanta, modern Hinduism's global voice","Ramakrishna Mission (d. 1902)","Chicago Addresses (1893); Raja Yoga",,https://belurmath.org,"Founding figure of modern global Hinduism; his neo-Vedanta is a particular interpretation, not a neutral summary.",
"Steven Vertovec","Scholar / Academic","Academic / Critical","Migration, diaspora, transnationalism","Max Planck Institute MMG, Göttingen","The Hindu Diaspora; Superdiversity",,https://www.mmg.mpg.de,"Leading migration scholar; strong UK material.",
"Christophe Jaffrelot","Scholar / Academic","Academic / Critical","Hindu nationalism, Indian politics","Sciences Po / King's College London","Hindu Nationalism: A Reader; Modi's India",,,"The leading academic analyst of Hindutva; critical stance — read alongside primary Hindutva texts he anthologises.",
"BAPS Shri Swaminarayan Mandir London","Organisation","Traditional / Practitioner","Swaminarayan Hinduism in the UK","BAPS","Neasden Temple; education programmes",,https://londonmandir.baps.org,"Landmark UK Hindu institution; single-sampradāya perspective.",
"Pew Research Center","Organisation","Public / Accessible","Survey research on religion","Pew Charitable Trusts","Religion in India (2021)",,https://www.pewresearch.org,"Methodologically rigorous, nonpartisan survey data.",
"Romila Thapar","Scholar / Academic","Academic / Critical","Early Indian history, historiography","Jawaharlal Nehru University (emerita)","The Penguin History of Early India; Somanatha",,,"Preeminent historian of early India; her secular school of historiography is a lightning rod in Hindutva debates — know both the scholarship and the critiques.",
"A.L. Basham","Scholar / Academic","Academic / Critical","Ancient Indian history and culture","SOAS / ANU (d. 1986)","The Wonder That Was India",,,"Classic mid-20th-c. authority; superseded in detail but still a wonderful read.",
"Harappa.com","Organisation","Academic / Critical","Indus civilisation research communication","Independent (since 1995)","harappa.com essays and slideshows",,https://www.harappa.com,"Publishes leading Indus archaeologists; reliable.",
"C.J. Fuller","Scholar / Academic","Academic / Critical","Anthropology of popular Hinduism","London School of Economics (emeritus)","The Camphor Flame; The Renewal of the Priesthood",,,"Standard ethnographic authority on lived Hinduism.",
"Reading Museum","Organisation","Public / Accessible","Museum education (UK)","Reading Borough Council","Diwali teaching resources",,https://www.readingmuseum.org.uk,"UK museum education service; primary-school pitch.",
"A.K. Ramanujan","Scholar / Academic","Academic / Critical","Translation, bhakti poetry, folklore","University of Chicago (d. 1993)","Speaking of Śiva; The Interior Landscape; Three Hundred Rāmāyaṇas",,,"Master translator; his 'Three Hundred Rāmāyaṇas' essay is itself a famous controversy worth teaching.",
"John Stratton Hawley","Scholar / Academic","Academic / Critical","Bhakti traditions, north Indian devotion","Barnard College, Columbia","A Storm of Songs; Sur's Ocean",,,"Leading bhakti scholar.",
"A.C. Bhaktivedanta Swami Prabhupada","Author","Traditional / Practitioner","Gaudiya Vaishnava theology, Gita commentary","ISKCON founder (d. 1977)","Bhagavad-gītā As It Is; Śrīmad-Bhāgavatam (trans.)",,https://vedabase.io,"Globally influential devotional translator; strongly tradition-specific interpretations.",
"Sue Hamilton","Scholar / Academic","Academic / Critical","Indian philosophy, early Buddhism","King's College London","Indian Philosophy: A Very Short Introduction",,,"Reliable concise academic guide.",
"Sarvepalli Radhakrishnan","Scholar / Academic","Reform / Neo-Hindu","Vedanta, comparative philosophy","Oxford; President of India (d. 1975)","A Source Book in Indian Philosophy; Indian Philosophy (2 vols)",,,"Scholar-statesman; his neo-Vedantin universalism shaped how the West reads Hindu philosophy — influential and contestable.",
"Charles A. Moore","Scholar / Academic","Academic / Critical","Comparative philosophy","University of Hawaii (d. 1967)","A Source Book in Indian Philosophy (co-ed.)",,,"Co-founder of East-West philosophers' conferences.",
"Peter Adamson","Scholar / Academic","Academic / Critical","History of philosophy communication","LMU Munich / KCL","History of Philosophy Without Any Gaps",,https://historyofphilosophy.net,"Top-tier scholarly podcasting.",
"Jonardon Ganeri","Scholar / Academic","Academic / Critical","Indian philosophy, mind, epistemology","University of Toronto","Classical Indian Philosophy (with Adamson); The Lost Age of Reason",,,"One of the foremost philosophers working on Indian traditions today.",
"Stephanie W. Jamison","Scholar / Academic","Academic / Critical","Vedic Sanskrit, Indo-European linguistics","UCLA","The Rigveda (trans. with Brereton)",,,"Co-translator of the definitive Rigveda.",
"Joel P. Brereton","Scholar / Academic","Academic / Critical","Vedic religion and literature","University of Texas at Austin","The Rigveda (trans. with Jamison)",,,"Co-translator of the definitive Rigveda.",
"Eknath Easwaran","Author","Traditional / Practitioner","Meditation, Indian classics in translation","Blue Mountain Center of Meditation (d. 1999)","The Bhagavad Gita; The Upanishads (trans.)",,https://www.bmcm.org,"The most widely read devotional translator in English; reverent rather than text-critical.",
